{
    "voltage": {
        "frequency": 9.709903574302968,
        "waves": [
            {
                "type": "cos",
                "amplitude": 11.147805064023789,
                "phase": 0.981387037750808
            },
            {
                "type": "cos",
                "amplitude": 1.9859098751064224,
                "phase": -1.5940400742930407
            }
        ]
    },
    "sim_length": 5.5
}