{
    "voltage": {
        "frequency": 8.619301738122358,
        "waves": [
            {
                "type": "cos",
                "amplitude": 10.057908462007072,
                "phase": -0.45904278252222136
            },
            {
                "type": "cos",
                "amplitude": 1.9420915379929276,
                "phase": -0.4257364552284606
            }
        ]
    },
    "sim_length": 5.5
}