{
    "voltage": {
        "frequency": 23.75970699,
        "waves": [
            {
                "type": "cos",
                "amplitude": 13.948484967829865,
                "phase": -2.4341063592556473
            },
            {
                "type": "cos",
                "amplitude": 2.7065482888724057,
                "phase": 0.2823744938046288
            }
        ]
    },
    "sim_length": 5.5
}