{
    "voltage": {
        "frequency": 14.590234475330984,
        "waves": [
            {
                "type": "cos",
                "amplitude": 15.944585649166276,
                "phase": -2.1851379430392597
            },
            {
                "type": "cos",
                "amplitude": 5.144603170613547,
                "phase": 0.2352121356871614
            }
        ]
    },
    "sim_length": 5.5
}