{
    "voltage": {
        "frequency": 31.67300154193911,
        "waves": [
            {
                "type": "cos",
                "amplitude": 58.78493836786899,
                "phase": 2.463269147234825
            },
            {
                "type": "cos",
                "amplitude": 40.22420260703609,
                "phase": -1.6265716734931417
            }
        ]
    },
    "sim_length": 5.5
}