{
    "voltage": {
        "frequency": 32.42238963432492,
        "waves": [
            {
                "type": "cos",
                "amplitude": 6.717171557019302,
                "phase": 2.718461731976896
            },
            {
                "type": "cos",
                "amplitude": 5.282828442980697,
                "phase": -2.999514255308109
            }
        ]
    },
    "sim_length": 5.5
}