{
    "constr": [
        [
            0.0,
            0.0,
            0.0,
            0.0
        ]
    ],
    "constr_violation": 0.0,
    "convergence": 0.0,
    "fun": -0.0023984869925061307,
    "maxcv": 0.0,
    "message": "in progress",
    "nfev": 3,
    "nit": 1,
    "population": [
        [
            0.024127023658082773,
            -0.0014474247977354054,
            0.06912665429415761,
            -0.15661347680541945,
            0.11416378318014211,
            -0.0009532355862394981,
            0.8236304269716815
        ],
        [
            0.013973282693404438,
            -0.002391088771130974,
            0.09798683074269646,
            -0.04124071282675616,
            0.02084996529144382,
            -0.00022643001610818825,
            0.4280129395357126
        ],
        [
            0.027901289895932394,
            -0.0013052246891273045,
            0.019552388238588306,
            -0.07778893421018816,
            0.14318845410415051,
            -0.0005647128526730889,
            0.6079928900862167
        ],
        [
            0.007098262006653307,
            -0.0028673442637666456,
            0.06535062331371853,
            -0.187879750288384,
            0.03941188960722266,
            -0.0014494894745989313,
            0.17479349399833072
        ],
        [
            0.025515111528535174,
            -0.0015767867503084468,
            0.06327286040279263,
            -0.1098441251089916,
            0.07184456251918106,
            -0.0018251154724205317,
            0.5691493177027117
        ],
        [
            0.012771598266876625,
            -0.0018793899969229582,
            0.02897636524158711,
            -0.12681591890169291,
            0.09231115431693279,
            -0.0007646292951011802,
            0.8917958279897376
        ],
        [
            0.00174043018445965,
            -0.0026392340067214666,
            0.12594749367157415,
            -0.0023203179324126494,
            0.05247242433184848,
            -0.0014091446634612948,
            0.1372892135049006
        ]
    ],
    "population_energies": [
        -0.0023984869925061307,
        Infinity,
        Infinity,
        Infinity,
        -0.00013987041046203646,
        -0.00021296059272420324,
        Infinity
    ],
    "success": true,
    "x": [
        0.024127023658082773,
        -0.0014474247977354054,
        0.06912665429415761,
        -0.15661347680541945,
        0.11416378318014211,
        -0.0009532355862394981,
        0.8236304269716815
    ]
}